,interest,vacancy,cpi,price,value,adjusted_price
2008-02-02,295.271,5.6,5.68,190000.0,206885.85326583963,3345070.4225352113
2008-02-09,295.271,5.6,5.67,190000.0,206885.85326583963,3350970.0176366847
2008-02-16,295.271,5.6,5.72,193000.0,206885.85326583963,3374125.8741258746
2008-02-23,295.271,5.6,6.04,189900.0,206885.85326583963,3144039.735099338
2008-03-01,295.271,5.6,6.24,194900.0,205459.5219516688,3123397.435897436
2008-03-08,295.271,5.6,6.03,190000.0,205459.5219516688,3150912.1061359867
2008-03-15,295.271,5.6,6.13,195000.0,205459.5219516688,3181076.6721044043
2008-03-22,295.271,5.6,5.87,198500.0,205459.5219516688,3381601.36286201
2008-03-29,295.271,5.6,5.85,199000.0,205459.5219516688,3401709.4017094015
2008-04-05,295.271,5.6,5.88,195000.0,203970.06759150804,3316326.5306122447
2008-04-12,295.271,5.6,5.88,195000.0,203970.06759150804,3316326.5306122447
2008-04-19,295.271,5.6,5.88,196000.0,203970.06759150804,3333333.3333333335
2008-04-26,295.271,5.6,6.03,192500.0,203970.06759150804,3192371.4759535654
2008-05-03,295.271,5.6,6.06,195000.0,202618.806207394,3217821.782178218
2008-05-10,295.271,5.6,6.05,194900.0,202618.806207394,3221487.603305785
2008-05-17,295.271,5.6,6.01,195871.0,202618.806207394,3259084.8585690516
2008-05-24,295.271,5.6,5.98,195000.0,202618.806207394,3260869.565217391
2008-05-31,295.271,5.6,6.08,200000.0,202618.806207394,3289473.684210526
2008-06-07,295.271,5.6,6.09,195000.0,201057.2997280722,3201970.4433497535
2008-06-14,295.271,5.6,6.32,200000.0,201057.2997280722,3164556.962025316
2008-06-21,295.271,5.6,6.42,204925.0,201057.2997280722,3191978.1931464174
2008-06-28,295.271,5.6,6.45,205000.0,201057.2997280722,3178294.5736434106
2008-07-05,295.271,5.6,6.35,200000.0,199228.5903880199,3149606.2992125987
2008-07-12,295.271,5.6,6.37,200000.0,199228.5903880199,3139717.425431711
2008-07-19,295.271,5.6,6.26,203500.0,199228.5903880199,3250798.7220447287
2008-07-26,295.271,5.6,6.63,200000.0,199228.5903880199,3016591.2518853694
2008-08-02,295.271,5.6,6.52,200000.0,197018.52530125904,3067484.6625766875
2008-08-09,295.271,5.6,6.52,195000.0,197018.52530125904,2990797.54601227
2008-08-16,295.271,5.6,6.52,200000.0,197018.52530125904,3067484.6625766875
2008-08-23,295.271,5.6,6.47,197500.0,197018.52530125904,3052550.231839258
2008-08-30,295.271,5.6,6.4,200000.0,197018.52530125904,3125000.0
2008-09-06,295.271,5.6,6.35,188000.0,195342.1776584972,2960629.921259843
2008-09-13,295.271,5.6,5.93,194000.0,195342.1776584972,3271500.8431703206
2008-09-20,295.271,5.6,5.78,190900.0,195342.1776584972,3302768.166089965
2008-09-27,295.271,5.6,6.09,189777.0,195342.1776584972,3116206.896551724
2008-10-04,295.271,5.6,6.1,188000.0,193446.59888237424,3081967.2131147543
2008-10-11,295.271,5.6,5.94,188000.0,193446.59888237424,3164983.164983165
2008-10-18,295.271,5.6,6.46,190000.0,193446.59888237424,2941176.470588235
2008-10-25,295.271,5.6,6.04,188000.0,193446.59888237424,3112582.781456954
2008-11-01,295.271,5.6,6.46,191000.0,190955.58049026248,2956656.3467492256
2008-11-08,295.271,5.6,6.2,183000.0,190955.58049026248,2951612.9032258065
2008-11-15,295.271,5.6,6.14,187000.0,190955.58049026248,3045602.6058631926
2008-11-22,295.271,5.6,6.04,185000.0,190955.58049026248,3062913.9072847683
2008-12-06,295.271,5.6,5.53,180000.0,189104.6260055704,3254972.8752260394
2008-12-13,295.271,5.6,5.47,185000.0,189104.6260055704,3382084.0950639853
2008-12-20,295.271,5.6,5.19,185000.0,189104.6260055704,3564547.2061657025
2009-01-10,295.271,5.6,5.01,176295.0,187156.23704525316,3518862.2754491023
2009-01-17,295.271,5.6,4.96,175000.0,187156.23704525316,3528225.806451613
2009-01-24,295.271,5.6,5.12,175000.0,187156.23704525316,3417968.75
2009-01-31,295.271,5.6,5.1,178000.0,187156.23704525316,3490196.0784313725
2009-02-07,295.271,5.6,5.25,170000.0,185899.9102148364,3238095.2380952383
2009-02-14,295.271,5.6,5.16,170000.0,185899.9102148364,3294573.6434108526
2009-02-21,295.271,5.6,5.04,175000.0,185899.9102148364,3472222.222222222
2009-02-28,295.271,5.6,5.07,176000.0,185899.9102148364,3471400.3944773176
2009-03-07,295.271,5.6,5.15,172100.0,184641.894402142,3341747.5728155337
2009-03-14,295.271,5.6,5.03,173125.0,184641.894402142,3441848.9065606357
2009-03-21,295.271,5.6,4.98,175000.0,184641.894402142,3514056.224899598
2009-03-28,295.271,5.6,4.85,172000.0,184641.894402142,3546391.7525773197
2009-04-04,295.271,5.6,4.78,175000.0,183437.09746366224,3661087.866108787
2009-04-11,295.271,5.6,4.87,170000.0,183437.09746366224,3490759.753593429
2009-04-18,295.271,5.6,4.82,170000.0,183437.09746366224,3526970.954356846
2009-04-25,295.271,5.6,4.8,170000.0,183437.09746366224,3541666.666666667
2009-05-02,295.271,5.6,4.78,177000.0,182488.49252057823,3702928.870292887
2009-05-09,295.271,5.6,4.84,172500.0,182488.49252057823,3564049.586776859
2009-05-16,295.271,5.6,4.86,175000.0,182488.49252057823,3600823.0452674893
2009-05-23,295.271,5.6,4.82,175000.0,182488.49252057823,3630705.3941908716
2009-05-30,295.271,5.6,4.91,182000.0,182488.49252057823,3706720.9775967416
2009-06-06,295.271,5.6,5.29,179000.0,181698.7270946458,3383742.9111531195
2009-06-13,295.271,5.6,5.59,180000.0,181698.7270946458,3220035.7781753135
2009-06-20,295.271,5.6,5.38,185000.0,181698.7270946458,3438661.7100371746
2009-06-27,295.271,5.6,5.42,185000.0,181698.7270946458,3413284.132841328
2009-07-04,295.271,5.6,5.32,186900.0,180896.31725765468,3513157.894736842
2009-07-11,295.271,5.6,5.2,180000.0,180896.31725765468,3461538.4615384615
2009-07-18,295.271,5.6,5.14,183000.0,180896.31725765468,3560311.284046693
2009-07-25,295.271,5.6,5.2,180000.0,180896.31725765468,3461538.4615384615
2009-08-01,295.271,5.6,5.25,185000.0,179953.65033961038,3523809.523809524
2009-08-08,295.271,5.6,5.22,180000.0,179953.65033961038,3448275.862068966
2009-08-15,295.271,5.6,5.29,182900.0,179953.65033961038,3457466.9187145554
2009-08-22,295.271,5.6,5.12,181000.0,179953.65033961038,3535156.25
2009-08-29,295.271,5.6,5.14,181000.0,179953.65033961038,3521400.7782101175
2009-09-05,295.271,5.6,5.08,176598.0,179158.20989627295,3476338.582677165
2009-09-12,295.271,5.6,5.07,175500.0,179158.20989627295,3461538.4615384615
2009-09-19,295.271,5.6,5.04,176000.0,179158.20989627295,3492063.492063492
2009-09-26,295.271,5.6,5.04,175000.0,179158.20989627295,3472222.222222222
2009-10-03,295.271,5.6,4.94,176000.0,178773.05167859682,3562753.036437247
2009-10-10,295.271,5.6,4.87,172000.0,178773.05167859682,3531827.5154004106
2009-10-17,295.271,5.6,4.92,175000.0,178773.05167859682,3556910.569105691
2009-10-24,295.271,5.6,5.0,174900.0,178773.05167859682,3498000.0
2009-10-31,295.271,5.6,5.03,175000.0,178773.05167859682,3479125.248508946
2009-11-07,295.271,5.6,4.98,174900.0,178764.95706436585,3512048.192771084
2009-11-14,295.271,5.6,4.91,170000.0,178764.95706436585,3462321.792260692
2009-11-21,295.271,5.6,4.83,175000.0,178764.95706436585,3623188.4057971016
2009-12-05,295.271,5.6,4.71,172000.0,178389.58446026,3651804.670912951
2009-12-12,295.271,5.6,4.81,177500.0,178389.58446026,3690228.6902286904
2009-12-19,295.271,5.6,4.94,180000.0,178389.58446026,3643724.696356275
2009-12-26,295.271,5.6,5.05,179900.0,178389.58446026,3562376.2376237623
2010-01-02,295.271,5.6,5.14,178400.0,177994.62802979865,3470817.1206225683
2010-01-09,295.271,5.6,5.09,174900.0,177994.62802979865,3436149.3123772102
2010-01-16,295.271,5.6,5.06,177000.0,177994.62802979865,3498023.71541502
2010-01-23,295.271,5.6,4.99,172500.0,177994.62802979865,3456913.8276553103
2010-01-30,295.271,5.6,4.98,177000.0,177994.62802979865,3554216.867469879
2010-02-06,295.271,5.6,5.01,170000.0,177890.3320220556,3393213.5728542916
2010-02-13,295.271,5.6,4.97,163000.0,177890.3320220556,3279678.0684104627
2010-02-20,295.271,5.6,4.93,169900.0,177890.3320220556,3446247.464503043
2010-02-27,295.271,5.6,5.05,174900.0,177890.3320220556,3463366.3366336636
2010-03-06,295.271,5.6,4.97,170000.0,178168.57462651766,3420523.138832998
2010-03-13,295.271,5.6,4.95,170000.0,178168.57462651766,3434343.434343434
2010-03-20,295.271,5.6,4.96,184900.0,178168.57462651766,3727822.580645161
2010-03-27,295.271,5.6,4.99,170000.0,178168.57462651766,3406813.627254509
2010-04-03,295.271,5.6,5.08,175000.0,178693.51262749606,3444881.8897637795
2010-04-10,295.271,5.6,5.21,169900.0,178693.51262749606,3261036.4683301346
2010-04-17,295.271,5.6,5.07,170000.0,178693.51262749606,3353057.199211045
2010-04-24,295.271,5.6,5.07,168000.0,178693.51262749606,3313609.467455621
2010-05-01,295.271,5.6,5.06,170500.0,178624.131294714,3369565.2173913047
2010-05-08,295.271,5.6,5.0,174900.0,178624.131294714,3498000.0
2010-05-15,295.271,5.6,4.93,171000.0,178624.131294714,3468559.8377281954
2010-05-22,295.271,5.6,4.84,172900.0,178624.131294714,3572314.0495867766
2010-05-29,295.271,5.6,4.78,177550.0,178624.131294714,3714435.1464435146
2010-06-05,295.271,5.6,4.79,174900.0,178069.5495527114,3651356.9937369516
2010-06-12,295.271,5.6,4.72,175000.0,178069.5495527114,3707627.118644068
2010-06-19,295.271,5.6,4.75,180000.0,178069.5495527114,3789473.684210526
2010-06-26,295.271,5.6,4.69,185000.0,178069.5495527114,3944562.89978678
2010-07-03,295.271,5.6,4.58,186000.0,176940.2680302527,4061135.371179039
2010-07-10,295.271,5.6,4.57,183000.0,176940.2680302527,4004376.3676148797
2010-07-17,295.271,5.6,4.57,189000.0,176940.2680302527,4135667.3960612686
2010-07-24,295.271,5.6,4.56,185000.0,176940.2680302527,4057017.5438596494
2010-07-31,295.271,5.6,4.54,186000.0,176940.2680302527,4096916.299559471
2010-08-07,295.271,5.6,4.49,180000.0,175999.31843742184,4008908.685968819
2010-08-14,295.271,5.6,4.44,185000.0,175999.31843742184,4166666.6666666665
2010-08-21,295.271,5.6,4.42,185000.0,175999.31843742184,4185520.36199095
2010-08-28,295.271,5.6,4.36,185000.0,175999.31843742184,4243119.266055046
2010-09-04,295.271,5.6,4.32,184900.0,174652.84447326264,4280092.592592592
2010-09-11,295.271,5.6,4.35,180000.0,174652.84447326264,4137931.0344827585
2010-09-18,295.271,5.6,4.37,179075.0,174652.84447326264,4097826.0869565215
2010-09-25,295.271,5.6,4.37,175840.0,174652.84447326264,4023798.6270022886
2010-10-02,295.271,5.6,4.32,180000.0,173449.0269051419,4166666.6666666665
2010-10-09,295.271,5.6,4.27,172900.0,173449.0269051419,4049180.327868853
2010-10-16,295.271,5.6,4.19,175000.0,173449.0269051419,4176610.9785202863
2010-10-23,295.271,5.6,4.21,175000.0,173449.0269051419,4156769.5961995246
2010-10-30,295.271,5.6,4.23,178900.0,173449.0269051419,4229314.420803782
2010-11-06,295.271,5.6,4.24,173483.0,172214.02759934097,4091580.188679245
2010-11-13,295.271,5.6,4.17,175000.0,172214.02759934097,4196642.685851319
2010-11-20,295.271,5.6,4.39,178500.0,172214.02759934097,4066059.225512529
2010-12-04,295.271,5.6,4.46,179000.0,171121.3168724921,4013452.9147982066
2010-12-11,295.271,5.6,4.61,176500.0,171121.3168724921,3828633.405639913
2010-12-18,295.271,5.6,4.83,180000.0,171121.3168724921,3726708.0745341615
2010-12-25,295.271,5.6,4.81,178500.0,171121.3168724921,3711018.7110187113
2011-01-01,295.271,5.6,4.86,175000.0,169947.60367366948,3600823.0452674893
2011-01-08,295.271,5.6,4.77,170000.0,169947.60367366948,3563941.2997903563
2011-01-15,295.271,5.6,4.71,174232.0,169947.60367366948,3699193.205944799
2011-01-22,295.271,5.6,4.74,168000.0,169947.60367366948,3544303.7974683545
2011-01-29,295.271,5.6,4.8,166500.0,169947.60367366948,3468750.0
2011-02-05,295.271,5.6,4.81,170000.0,169110.0740531543,3534303.5343035343
2011-02-12,295.271,5.6,5.05,160000.0,169110.0740531543,3168316.8316831687
2011-02-19,295.271,5.6,5.0,167000.0,169110.0740531543,3340000.0
2011-02-26,295.271,5.6,4.95,169000.0,169110.0740531543,3414141.414141414
2011-03-05,295.271,5.6,4.87,170000.0,168514.82005493992,3490759.753593429
2011-03-12,295.271,5.6,4.88,165000.0,168514.82005493992,3381147.5409836066
2011-03-19,295.271,5.6,4.76,165000.0,168514.82005493992,3466386.554621849
2011-03-26,295.271,5.6,4.81,163000.0,168514.82005493992,3388773.388773389
2011-04-02,295.271,5.6,4.86,170000.0,167704.63925853602,3497942.3868312757
2011-04-09,295.271,5.6,4.87,165000.0,167704.63925853602,3388090.3490759754
2011-04-16,295.271,5.6,4.91,165000.0,167704.63925853602,3360488.7983706724
2011-04-23,295.271,5.6,4.8,167000.0,167704.63925853602,3479166.666666667
2011-04-30,295.271,5.6,4.78,170000.0,167704.63925853602,3556485.3556485353
2011-05-07,295.271,5.6,4.71,167500.0,167083.3998023194,3556263.269639066
2011-05-14,295.271,5.6,4.63,168953.0,167083.3998023194,3649092.872570195
2011-05-21,295.271,5.6,4.61,171500.0,167083.3998023194,3720173.535791757
2011-05-28,295.271,5.6,4.6,175000.0,167083.3998023194,3804347.826086957
2011-06-04,295.271,5.6,4.55,175000.0,166629.38434618487,3846153.846153846
2011-06-11,295.271,5.6,4.49,171958.0,166629.38434618487,3829799.5545657016
2011-06-18,295.271,5.6,4.5,176000.0,166629.38434618487,3911111.111111111
2011-06-25,295.271,5.6,4.5,178000.0,166629.38434618487,3955555.5555555555
2011-07-02,295.271,5.6,4.51,184500.0,166216.86972150858,4090909.0909090913
2011-07-09,295.271,5.6,4.6,175000.0,166216.86972150858,3804347.826086957
2011-07-16,295.271,5.6,4.51,176000.0,166216.86972150858,3902439.024390244
2011-07-23,295.271,5.6,4.52,175000.0,166216.86972150858,3871681.415929204
2011-07-30,295.271,5.6,4.55,175500.0,166216.86972150858,3857142.8571428573
2011-08-06,295.271,5.6,4.39,172000.0,165659.53044748056,3917995.444191344
2011-08-13,295.271,5.6,4.32,175000.0,165659.53044748056,4050925.9259259254
2011-08-20,295.271,5.6,4.15,175000.0,165659.53044748056,4216867.469879517
2011-08-27,295.271,5.6,4.22,173000.0,165659.53044748056,4099526.0663507115
2011-09-03,295.271,5.6,4.22,173000.0,165137.9794960664,4099526.0663507115
2011-09-10,295.271,5.6,4.12,165317.0,165137.9794960664,4012548.54368932
2011-09-17,295.271,5.6,4.09,170000.0,165137.9794960664,4156479.2176039116
2011-09-24,295.271,5.6,4.09,166000.0,165137.9794960664,4058679.7066014674
2011-10-01,295.271,5.6,4.01,170280.0,164437.94130346883,4246384.03990025
2011-10-08,295.271,5.6,3.94,165000.0,164437.94130346883,4187817.2588832485
2011-10-15,295.271,5.6,4.12,165000.0,164437.94130346883,4004854.3689320385
2011-10-22,295.271,5.6,4.11,165000.0,164437.94130346883,4014598.5401459853
2011-10-29,295.271,5.6,4.1,167000.0,164437.94130346883,4073170.7317073173
2011-11-05,295.271,5.6,4.0,165000.0,163951.1966082088,4125000.0
2011-11-12,295.271,5.6,3.99,164000.0,163951.1966082088,4110275.689223057
2011-11-19,295.271,5.6,4.0,169500.0,163951.1966082088,4237500.0
2011-12-03,295.271,5.6,4.0,170000.0,163492.1919664552,4250000.0
2011-12-10,295.271,5.6,3.99,164250.0,163492.1919664552,4116541.3533834587
2011-12-17,295.271,5.6,3.94,170000.0,163492.1919664552,4314720.812182741
2011-12-24,295.271,5.6,3.91,168000.0,163492.1919664552,4296675.191815857
2011-12-31,295.271,5.6,3.95,165000.0,163492.1919664552,4177215.189873418
2012-01-07,295.271,5.6,3.91,161609.0,163229.10715449916,4133222.506393862
2012-01-14,295.271,5.6,3.89,160000.0,163229.10715449916,4113110.5398457586
2012-01-21,295.271,5.6,3.88,160000.0,163229.10715449916,4123711.3402061854
2012-01-28,295.271,5.6,3.98,159900.0,163229.10715449916,4017587.939698492
2012-02-04,295.271,5.6,3.87,160000.0,163227.2308682012,4134366.9250645996
2012-02-11,295.271,5.6,3.87,155000.0,163227.2308682012,4005167.95865633
2012-02-18,295.271,5.6,3.87,159000.0,163227.2308682012,4108527.1317829457
2012-02-25,295.271,5.6,3.95,159500.0,163227.2308682012,4037974.6835443038
2012-03-03,295.271,5.6,3.9,165000.0,164016.10281359227,4230769.230769231
2012-03-10,295.271,5.6,3.88,162500.0,164016.10281359227,4188144.329896908
2012-03-17,295.271,5.6,3.92,165000.0,164016.10281359227,4209183.673469388
2012-03-24,295.271,5.6,4.08,163500.0,164016.10281359227,4007352.941176471
2012-03-31,295.271,5.6,3.99,169500.0,164016.10281359227,4248120.30075188
2012-04-07,295.271,5.6,3.98,170000.0,164697.75807779745,4271356.783919598
2012-04-14,295.271,5.6,3.88,166730.0,164697.75807779745,4297164.948453609
2012-04-21,295.271,5.6,3.9,170000.0,164697.75807779745,4358974.358974359
2012-04-28,295.271,5.6,3.88,172500.0,164697.75807779745,4445876.288659794
2012-05-05,295.271,5.6,3.84,175600.0,165440.5812380169,4572916.666666667
2012-05-12,295.271,5.6,3.83,172000.0,165440.5812380169,4490861.618798955
2012-05-19,295.271,5.6,3.79,175000.0,165440.5812380169,4617414.248021108
2012-05-26,295.271,5.6,3.78,176000.0,165440.5812380169,4656084.656084657
2012-06-02,295.271,5.6,3.75,185000.0,166105.36159120844,4933333.333333334
2012-06-09,295.271,5.6,3.67,180000.0,166105.36159120844,4904632.152588556
2012-06-16,295.271,5.6,3.71,184500.0,166105.36159120844,4973045.822102426
2012-06-23,295.271,5.6,3.66,183500.0,166105.36159120844,5013661.202185792
2012-06-30,295.271,5.6,3.66,188000.0,166105.36159120844,5136612.021857924
2012-07-07,295.271,5.6,3.62,183000.0,166612.79505998135,5055248.61878453
2012-07-14,295.271,5.6,3.56,183000.0,166612.79505998135,5140449.438202247
2012-07-21,295.271,5.6,3.53,183000.0,166612.79505998135,5184135.977337111
2012-07-28,295.271,5.6,3.49,182000.0,166612.79505998135,5214899.7134670485
2012-08-04,295.271,5.6,3.55,185000.0,167038.07435747542,5211267.605633803
2012-08-11,295.271,5.6,3.59,179992.0,167038.07435747542,5013704.735376045
2012-08-18,295.271,5.6,3.62,183000.0,167038.07435747542,5055248.61878453
2012-08-25,295.271,5.6,3.66,180000.0,167038.07435747542,4918032.786885246
2012-09-01,295.271,5.6,3.59,185000.0,167520.45954587567,5153203.342618384
2012-09-08,295.271,5.6,3.55,176000.0,167520.45954587567,4957746.47887324
2012-09-15,295.271,5.6,3.55,179000.0,167520.45954587567,5042253.52112676
2012-09-22,295.271,5.6,3.49,177500.0,167520.45954587567,5085959.885386819
2012-09-29,295.271,5.6,3.4,179500.0,167520.45954587567,5279411.764705882
2012-10-06,295.271,5.6,3.36,178265.0,168098.8769538876,5305505.952380952
2012-10-13,295.271,5.6,3.39,175000.0,168098.8769538876,5162241.887905604
2012-10-20,295.271,5.6,3.37,177000.0,168098.8769538876,5252225.519287834
2012-10-27,295.271,5.6,3.41,175000.0,168098.8769538876,5131964.809384164
2012-11-03,295.271,5.6,3.39,175000.0,168745.4661400041,5162241.887905604
2012-11-10,295.271,5.6,3.4,176000.0,168745.4661400041,5176470.588235294
2012-11-17,295.271,5.6,3.34,181000.0,168745.4661400041,5419161.676646707
2012-12-01,295.271,5.6,3.32,184900.0,169438.3454444862,5569277.108433735
2012-12-08,295.271,5.6,3.34,179000.0,169438.3454444862,5359281.437125749
2012-12-15,295.271,5.6,3.32,181500.0,169438.3454444862,5466867.469879518
2012-12-22,295.271,5.6,3.37,182500.0,169438.3454444862,5415430.267062315
2012-12-29,295.271,5.6,3.35,186971.0,169438.3454444862,5581223.880597015
2013-01-05,295.271,5.6,3.34,180000.0,170460.92347845258,5389221.556886228
2013-01-12,295.271,5.6,3.4,175000.0,170460.92347845258,5147058.823529412
2013-01-19,295.271,5.6,3.38,175000.0,170460.92347845258,5177514.792899408
2013-01-26,295.271,5.6,3.42,170000.0,170460.92347845258,4970760.233918129
2013-02-02,295.271,5.6,3.53,175000.0,171570.14143501103,4957507.082152975
2013-02-09,295.271,5.6,3.53,167500.0,171570.14143501103,4745042.492917847
2013-02-16,295.271,5.6,3.53,173500.0,171570.14143501103,4915014.164305949
2013-02-23,295.271,5.6,3.56,172500.0,171570.14143501103,4845505.617977528
2013-03-02,295.271,5.6,3.51,181500.0,173185.58680737898,5170940.170940171
2013-03-09,295.271,5.6,3.52,175000.0,173185.58680737898,4971590.909090909
2013-03-16,295.271,5.6,3.63,179900.0,173185.58680737898,4955922.8650137745
2013-03-23,295.271,5.6,3.54,180000.0,173185.58680737898,5084745.762711865
2013-03-30,295.271,5.6,3.57,188500.0,173185.58680737898,5280112.044817927
2013-04-06,295.271,5.6,3.54,181000.0,174755.62967944297,5112994.350282486
2013-04-13,295.271,5.6,3.43,182000.0,174755.62967944297,5306122.448979592
2013-04-20,295.271,5.6,3.41,185000.0,174755.62967944297,5425219.941348974
2013-04-27,295.271,5.6,3.4,186282.0,174755.62967944297,5478882.352941177
2013-05-04,295.271,5.6,3.35,192500.0,176382.9725399791,5746268.6567164175
2013-05-11,295.271,5.6,3.42,188500.0,176382.9725399791,5511695.906432749
2013-05-18,295.271,5.6,3.51,194500.0,176382.9725399791,5541310.541310542
2013-05-25,295.271,5.6,3.59,191000.0,176382.9725399791,5320334.261838441
2013-06-01,295.271,5.6,3.81,200000.0,177991.12466534326,5249343.832020997
2013-06-08,295.271,5.6,3.91,195000.0,177991.12466534326,4987212.276214833
2013-06-15,295.271,5.6,3.98,200000.0,177991.12466534326,5025125.628140704
2013-06-22,295.271,5.6,3.93,200000.0,177991.12466534326,5089058.524173028
2013-06-29,295.271,5.6,4.46,209595.0,177991.12466534326,4699439.461883408
2013-07-13,295.271,5.6,4.51,203000.0,179296.22952173985,4501108.647450111
2013-07-20,295.271,5.6,4.37,205000.0,179296.22952173985,4691075.514874142
2013-07-27,295.271,5.6,4.31,200000.0,179296.22952173985,4640371.229698377
2013-08-03,295.271,5.6,4.39,205000.0,180330.04408477715,4669703.872437358
2013-08-10,295.271,5.6,4.4,199000.0,180330.04408477715,4522727.2727272725
2013-08-17,295.271,5.6,4.4,202000.0,180330.04408477715,4590909.090909091
2013-08-24,295.271,5.6,4.58,200000.0,180330.04408477715,4366812.227074236
2013-08-31,295.271,5.6,4.51,202000.0,180330.04408477715,4478935.698447893
2013-09-07,295.271,5.6,4.57,195000.0,181381.6970052668,4266958.424507659
2013-09-14,295.271,5.6,4.57,193800.0,181381.6970052668,4240700.2188183805
2013-09-21,295.271,5.6,4.5,195000.0,181381.6970052668,4333333.333333334
2013-09-28,295.271,5.6,4.32,195000.0,181381.6970052668,4513888.888888888
2013-10-05,295.271,5.6,4.22,195000.0,182343.66802099196,4620853.080568721
2013-10-12,295.271,5.6,4.23,192000.0,182343.66802099196,4539007.092198581
2013-10-19,295.271,5.6,4.28,198000.0,182343.66802099196,4626168.224299066
2013-10-26,295.271,5.6,4.13,195000.0,182343.66802099196,4721549.636803875
2013-11-02,295.271,5.6,4.1,195000.0,182990.9578221441,4756097.56097561
2013-11-09,295.271,5.6,4.16,189000.0,182990.9578221441,4543269.23076923
2013-11-16,295.271,5.6,4.35,191000.0,182990.9578221441,4390804.59770115
2013-11-23,295.271,5.6,4.22,194950.0,182990.9578221441,4619668.2464454975
2013-12-07,295.271,5.6,4.46,195000.0,183859.63482202083,4372197.30941704
2013-12-14,295.271,5.6,4.42,198000.0,183859.63482202083,4479638.009049774
2013-12-21,295.271,5.6,4.47,200000.0,183859.63482202083,4474272.93064877
2013-12-28,295.271,5.6,4.48,195654.0,183859.63482202083,4367276.785714285
2014-01-04,295.271,5.6,4.53,191000.0,184746.3962820641,4216335.540838852
2014-01-11,295.271,5.6,4.51,193500.0,184746.3962820641,4290465.6319290465
2014-01-18,295.271,5.6,4.41,190000.0,184746.3962820641,4308390.022675737
2014-01-25,295.271,5.6,4.39,185000.0,184746.3962820641,4214123.0068337135
2014-02-01,295.271,5.6,4.32,190000.0,185654.30986879763,4398148.148148148
2014-02-08,295.271,5.6,4.23,184000.0,185654.30986879763,4349881.796690308
2014-02-15,295.271,5.6,4.28,185500.0,185654.30986879763,4334112.149532709
2014-02-22,295.271,5.6,4.33,188000.0,185654.30986879763,4341801.385681293
2014-03-01,295.271,5.6,4.37,192000.0,186463.2530338505,4393592.677345538
2014-03-08,295.271,5.6,4.28,190000.0,186463.2530338505,4439252.336448598
2014-03-15,295.271,5.6,4.37,190000.0,186463.2530338505,4347826.0869565215
2014-03-22,295.271,5.6,4.32,190000.0,186463.2530338505,4398148.148148148
2014-03-29,295.271,5.6,4.4,197000.0,186463.2530338505,4477272.7272727275
2014-04-05,295.271,5.6,4.41,194900.0,187383.04422287943,4419501.133786848
2014-04-12,295.271,5.6,4.34,194000.0,187383.04422287943,4470046.082949309
2014-04-19,295.271,5.6,4.27,197250.0,187383.04422287943,4619437.9391100705
2014-04-26,295.271,5.6,4.33,195000.0,187383.04422287943,4503464.203233257
2014-05-03,295.271,5.6,4.29,200000.0,188391.87097772717,4662004.662004662
2014-05-10,295.271,5.6,4.21,198000.0,188391.87097772717,4703087.885985748
2014-05-17,295.271,5.6,4.2,200000.0,188391.87097772717,4761904.761904762
2014-05-24,295.271,5.6,4.14,200535.0,188391.87097772717,4843840.5797101455
2014-05-31,295.271,5.6,4.12,207000.0,188391.87097772717,5024271.844660194
2014-06-07,295.271,5.6,4.14,203650.0,189158.4615600469,4919082.125603865
2014-06-14,295.271,5.6,4.2,206060.0,189158.4615600469,4906190.476190477
2014-06-21,295.271,5.6,4.17,210000.0,189158.4615600469,5035971.223021583
2014-06-28,295.271,5.6,4.14,213672.0,189158.4615600469,5161159.420289855
2014-07-05,295.271,5.6,4.12,212000.0,189515.436622612,5145631.067961165
2014-07-12,295.271,5.6,4.15,208000.0,189515.436622612,5012048.192771084
2014-07-19,295.271,5.6,4.13,210000.0,189515.436622612,5084745.762711865
2014-07-26,295.271,5.6,4.13,205000.0,189515.436622612,4963680.387409201
2014-08-02,295.271,5.6,4.12,210000.0,189622.37364989344,5097087.3786407765
2014-08-09,295.271,5.6,4.14,207500.0,189622.37364989344,5012077.294685991
2014-08-16,295.271,5.6,4.12,206900.0,189622.37364989344,5021844.660194174
2014-08-23,295.271,5.6,4.1,205400.0,189622.37364989344,5009756.097560977
2014-08-30,295.271,5.6,4.1,210000.0,189622.37364989344,5121951.219512195
2014-09-06,295.271,5.6,4.1,200032.0,189951.7881726046,4878829.268292683
2014-09-13,295.271,5.6,4.12,200166.0,189951.7881726046,4858398.058252428
2014-09-20,295.271,5.6,4.23,200000.0,189951.7881726046,4728132.387706855
2014-09-27,295.271,5.6,4.2,200000.0,189951.7881726046,4761904.761904762
2014-10-04,295.271,5.6,4.19,200600.0,190560.30453452587,4787589.498806682
2014-10-11,295.271,5.6,4.12,200000.0,190560.30453452587,4854368.932038834
2014-10-18,295.271,5.6,3.97,200000.0,190560.30453452587,5037783.375314861
2014-10-25,295.271,5.6,3.92,199000.0,190560.30453452587,5076530.6122448975
2014-11-01,295.271,5.6,3.98,201400.0,191110.65012175648,5060301.507537688
2014-11-08,295.271,5.6,4.02,197631.0,191110.65012175648,4916194.029850747
2014-11-15,295.271,5.6,4.01,205000.0,191110.65012175648,5112219.451371572
2014-11-22,295.271,5.6,3.99,206087.0,191110.65012175648,5165087.719298245
2014-12-06,295.271,5.6,3.89,204036.0,191751.8259516916,5245141.388174807
2014-12-13,295.271,5.6,3.93,204900.0,191751.8259516916,5213740.458015267
2014-12-20,295.271,5.6,3.8,210000.0,191751.8259516916,5526315.7894736845
2015-01-10,295.271,5.6,3.73,203000.0,192390.68937618585,5442359.249329759
2015-01-17,295.271,5.6,3.66,198500.0,192390.68937618585,5423497.267759563
2015-01-24,295.271,5.6,3.63,195000.0,192390.68937618585,5371900.826446282
2015-01-31,295.271,5.6,3.66,195000.0,192390.68937618585,5327868.852459016
2015-02-07,295.271,5.6,3.59,190000.0,193408.44641087527,5292479.108635098
2015-02-14,295.271,5.6,3.69,195500.0,193408.44641087527,5298102.98102981
2015-02-21,295.271,5.6,3.76,199900.0,193408.44641087527,5316489.361702127
2015-02-28,295.271,5.6,3.8,206500.0,193408.44641087527,5434210.52631579
2015-03-07,295.271,5.6,3.75,202500.0,194802.106848246,5400000.0
2015-03-14,295.271,5.6,3.86,203500.0,194802.106848246,5272020.725388601
2015-03-21,295.271,5.6,3.78,205000.0,194802.106848246,5423280.4232804235
2015-03-28,295.271,5.6,3.69,205685.0,194802.106848246,5574119.241192413
2015-04-04,295.271,5.6,3.7,211000.0,196005.79307195876,5702702.702702703
2015-04-11,295.271,5.6,3.66,205000.0,196005.79307195876,5601092.896174863
2015-04-18,295.271,5.6,3.67,210000.0,196005.79307195876,5722070.844686648
2015-04-25,295.271,5.6,3.65,208000.0,196005.79307195876,5698630.136986301
2015-05-02,295.271,5.6,3.68,212000.0,197237.08533068595,5760869.565217392
2015-05-09,295.271,5.6,3.8,210000.0,197237.08533068595,5526315.7894736845
2015-05-16,295.271,5.6,3.85,214500.0,197237.08533068595,5571428.571428571
2015-05-23,295.271,5.6,3.84,215620.0,197237.08533068595,5615104.166666667
2015-05-30,295.271,5.6,3.87,220000.0,197237.08533068595,5684754.521963824
2015-06-06,295.271,5.6,3.87,217500.0,198067.24162817933,5620155.03875969
2015-06-13,295.271,5.6,4.04,220000.0,198067.24162817933,5445544.554455445
2015-06-20,295.271,5.6,4.0,221500.0,198067.24162817933,5537500.0
2015-06-27,295.271,5.6,4.02,222500.0,198067.24162817933,5534825.870646767
2015-07-04,295.271,5.6,4.08,225000.0,198576.60824370783,5514705.882352942
2015-07-11,295.271,5.6,4.04,219500.0,198576.60824370783,5433168.316831684
2015-07-18,295.271,5.6,4.09,221900.0,198576.60824370783,5425427.872860637
2015-07-25,295.271,5.6,4.04,217000.0,198576.60824370783,5371287.128712871
2015-08-01,295.271,5.6,3.98,220000.0,199286.17122793177,5527638.190954774
2015-08-08,295.271,5.6,3.91,215500.0,199286.17122793177,5511508.951406649
2015-08-15,295.271,5.6,3.94,218000.0,199286.17122793177,5532994.923857868
2015-08-22,295.271,5.6,3.93,217500.0,199286.17122793177,5534351.145038168
2015-08-29,295.271,5.6,3.84,215000.0,199286.17122793177,5598958.333333334
2015-09-05,295.271,5.6,3.89,215000.0,199866.38823755103,5526992.287917738
2015-09-12,295.271,5.6,3.9,212000.0,199866.38823755103,5435897.435897436
2015-09-19,295.271,5.6,3.91,213500.0,199866.38823755103,5460358.056265985
2015-09-26,295.271,5.6,3.86,212500.0,199866.38823755103,5505181.34715026
2015-10-03,295.271,5.6,3.85,214000.0,200386.719789308,5558441.558441558
2015-10-10,295.271,5.6,3.76,208500.0,200386.719789308,5545212.765957447
2015-10-17,295.271,5.6,3.82,210000.0,200386.719789308,5497382.19895288
2015-10-24,295.271,5.6,3.79,209900.0,200386.719789308,5538258.5751978895
2015-10-31,295.271,5.6,3.76,213000.0,200386.719789308,5664893.617021278
2015-11-07,295.271,5.6,3.87,207000.0,201006.63630280088,5348837.209302325
2015-11-14,295.271,5.6,3.98,210000.0,201006.63630280088,5276381.909547739
2015-11-21,295.271,5.6,3.97,215500.0,201006.63630280088,5428211.586901763
2015-12-05,295.271,5.6,3.93,217425.0,202096.37925833723,5532442.748091603
2015-12-12,295.271,5.6,3.95,217500.0,202096.37925833723,5506329.11392405
2015-12-19,295.271,5.6,3.97,219900.0,202096.37925833723,5539042.82115869
2015-12-26,295.271,5.6,3.96,217500.0,202096.37925833723,5492424.242424242
2016-01-02,295.271,5.6,4.01,219000.0,202953.5807573755,5461346.633416459
2016-01-09,295.271,5.6,3.97,207000.0,202953.5807573755,5214105.793450881
2016-01-16,295.271,5.6,3.92,210000.0,202953.5807573755,5357142.857142857
2016-01-23,295.271,5.6,3.81,209000.0,202953.5807573755,5485564.304461942
2016-01-30,295.271,5.6,3.79,208000.0,202953.5807573755,5488126.649076517
2016-02-06,295.271,5.6,3.72,203532.0,204057.94143409524,5471290.322580645
2016-02-13,295.271,5.6,3.65,203000.0,204057.94143409524,5561643.835616439
2016-02-20,295.271,5.6,3.65,206000.0,204057.94143409524,5643835.616438356
2016-02-27,295.271,5.6,3.62,210000.0,204057.94143409524,5801104.972375691
2016-03-05,295.271,5.6,3.64,210000.0,205221.8602279707,5769230.769230769
2016-03-12,295.271,5.6,3.68,210000.0,205221.8602279707,5706521.739130435
2016-03-19,295.271,5.6,3.73,210753.0,205221.8602279707,5650214.477211797
2016-03-26,295.271,5.6,3.71,215000.0,205221.8602279707,5795148.247978437
2016-04-02,295.271,5.6,3.71,217500.0,206763.06786671243,5862533.692722372
2016-04-09,295.271,5.6,3.59,213900.0,206763.06786671243,5958217.270194987
2016-04-16,295.271,5.6,3.58,216000.0,206763.06786671243,6033519.553072626
2016-04-23,295.271,5.6,3.59,218917.0,206763.06786671243,6097966.573816156
2016-04-30,295.271,5.6,3.66,220000.0,206763.06786671243,6010928.9617486335
2016-05-07,295.271,5.6,3.61,219900.0,208001.40615304653,6091412.742382272
2016-05-14,295.271,5.6,3.57,220000.0,208001.40615304653,6162464.985994398
2016-05-21,295.271,5.6,3.58,223000.0,208001.40615304653,6229050.279329609
2016-05-28,295.271,5.6,3.64,225000.0,208001.40615304653,6181318.681318681
2016-06-04,295.271,5.6,3.66,227000.0,209007.96433174104,6202185.792349726
2016-06-11,295.271,5.6,3.6,225500.0,209007.96433174104,6263888.888888889
2016-06-18,295.271,5.6,3.54,230000.0,209007.96433174104,6497175.141242938
2016-06-25,295.271,5.6,3.56,230000.0,209007.96433174104,6460674.157303371
2016-07-02,295.271,5.6,3.48,234719.0,209775.516309294,6744798.850574712
2016-07-09,295.271,5.6,3.41,226000.0,209775.516309294,6627565.982404692
2016-07-16,295.271,5.6,3.42,229000.0,209775.516309294,6695906.4327485375
2016-07-23,295.271,5.6,3.45,226900.0,209775.516309294,6576811.5942028975
2016-07-30,295.271,5.6,3.48,228000.0,209775.516309294,6551724.137931035
2016-08-06,295.271,5.6,3.43,225000.0,210378.2709774828,6559766.763848397
2016-08-13,295.271,5.6,3.45,225000.0,210378.2709774828,6521739.130434782
2016-08-20,295.271,5.6,3.43,227000.0,210378.2709774828,6618075.801749271
2016-08-27,295.271,5.6,3.43,227000.0,210378.2709774828,6618075.801749271
2016-09-03,295.271,5.6,3.46,225500.0,211109.81680978584,6517341.040462428
2016-09-10,295.271,5.6,3.44,223588.0,211109.81680978584,6499651.162790698
2016-09-17,295.271,5.6,3.5,224900.0,211109.81680978584,6425714.285714285
2016-09-24,295.271,5.6,3.48,224000.0,211109.81680978584,6436781.609195403
2016-10-01,295.271,5.6,3.42,225000.0,212021.1315384037,6578947.3684210535
2016-10-08,295.271,5.6,3.42,222000.0,212021.1315384037,6491228.070175439
2016-10-15,295.271,5.6,3.47,223000.0,212021.1315384037,6426512.968299712
2016-10-22,295.271,5.6,3.52,222925.0,212021.1315384037,6333096.590909091
2016-10-29,295.271,5.6,3.47,225000.0,212021.1315384037,6484149.855907781
2016-11-05,295.271,5.6,3.54,223000.0,213048.798904202,6299435.028248588
2016-11-12,295.271,5.6,3.57,224000.0,213048.798904202,6274509.803921569
2016-11-19,295.271,5.6,3.94,228000.0,213048.798904202,5786802.030456853
2016-12-03,295.271,5.6,4.08,228500.0,214003.0912542478,5600490.196078432
2016-12-10,295.271,5.6,4.13,225000.0,214003.0912542478,5447941.888619855
2016-12-17,295.271,5.6,4.16,229900.0,214003.0912542478,5526442.307692308
2016-12-24,295.271,5.6,4.3,227500.0,214003.0912542478,5290697.674418605
2016-12-31,295.271,5.6,4.32,228500.0,214003.0912542478,5289351.851851852
2017-01-07,295.271,5.6,4.2,222500.0,214994.9688214092,5297619.047619048
2017-01-14,295.271,5.6,4.12,221000.0,214994.9688214092,5364077.669902912
2017-01-21,295.271,5.6,4.09,220000.0,214994.9688214092,5378973.105134474
2017-01-28,295.271,5.6,4.19,220000.0,214994.9688214092,5250596.658711217
2017-02-04,295.271,5.6,4.19,220000.0,216371.42348395265,5250596.658711217
2017-02-11,295.271,5.6,4.17,217000.0,216371.42348395265,5203836.930455635
2017-02-18,295.271,5.6,4.15,222000.0,216371.42348395265,5349397.590361445
2017-02-25,295.271,5.6,4.16,220940.0,216371.42348395265,5311057.692307692
2017-03-04,295.271,5.6,4.1,226354.0,217991.4368965148,5520829.268292683
2017-03-11,295.271,5.6,4.21,222500.0,217991.4368965148,5285035.629453681
2017-03-18,295.271,5.6,4.3,225000.0,217991.4368965148,5232558.139534884
2017-03-25,295.271,5.6,4.23,225000.0,217991.4368965148,5319148.936170212
2017-04-01,295.271,5.6,4.14,230085.0,219763.2291038185,5557608.695652175
2017-04-08,295.271,5.6,4.1,228000.0,219763.2291038185,5560975.609756098
2017-04-15,295.271,5.6,4.08,230000.0,219763.2291038185,5637254.901960784
2017-04-22,295.271,5.6,3.97,227500.0,219763.2291038185,5730478.589420654
2017-04-29,295.271,5.6,4.03,235000.0,219763.2291038185,5831265.508684863
2017-05-06,295.271,5.6,4.02,230000.0,221176.2824314631,5721393.034825872
2017-05-13,295.271,5.6,4.05,230000.0,221176.2824314631,5679012.345679013
2017-05-20,295.271,5.6,4.02,235000.0,221176.2824314631,5845771.144278607
2017-05-27,295.271,5.6,3.95,238000.0,221176.2824314631,6025316.455696202
2017-06-03,295.271,5.6,3.94,240000.0,222348.5146277319,6091370.558375634
2017-06-10,295.271,5.6,3.89,240000.0,222348.5146277319,6169665.809768637
2017-06-17,295.271,5.6,3.91,242500.0,222348.5146277319,6202046.035805626
2017-06-24,295.271,5.6,3.9,240000.0,222348.5146277319,6153846.153846154
2017-07-01,295.271,5.6,3.88,249900.0,223056.31771816104,6440721.649484537
2017-07-08,295.271,5.6,3.96,237800.0,223056.31771816104,6005050.5050505055
2017-07-15,295.271,5.6,4.03,240102.0,223056.31771816104,5957866.004962779
2017-07-22,295.271,5.6,3.96,240000.0,223056.31771816104,6060606.060606061
2017-07-29,295.271,5.6,3.92,240500.0,223056.31771816104,6135204.081632653
2017-08-05,295.271,5.6,3.93,239000.0,223832.358864794,6081424.936386768
2017-08-12,295.271,5.6,3.9,239000.0,223832.358864794,6128205.128205128
2017-08-19,295.271,5.6,3.89,240000.0,223832.358864794,6169665.809768637
2017-08-26,295.271,5.6,3.86,239500.0,223832.358864794,6204663.212435233
2017-09-02,295.271,5.6,3.82,240000.0,224850.5264423295,6282722.513089005
2017-09-09,295.271,5.6,3.78,233900.0,224850.5264423295,6187830.687830688
2017-09-16,295.271,5.6,3.78,237000.0,224850.5264423295,6269841.26984127
2017-09-23,295.271,5.6,3.83,235474.0,224850.5264423295,6148146.214099217
2017-09-30,295.271,5.6,3.83,240000.0,224850.5264423295,6266318.537859008
2017-10-07,295.271,5.6,3.85,230000.0,225866.50036680533,5974025.974025974
2017-10-14,295.271,5.6,3.91,233000.0,225866.50036680533,5959079.283887468
2017-10-21,295.271,5.6,3.88,235000.0,225866.50036680533,6056701.030927835
2017-10-28,295.271,5.6,3.94,236000.0,225866.50036680533,5989847.715736041
2017-11-04,295.271,5.6,3.94,235000.0,226947.8195399508,5964467.005076142
2017-11-11,295.271,5.6,3.9,232500.0,226947.8195399508,5961538.461538462
2017-11-18,295.271,5.6,3.95,238000.0,226947.8195399508,6025316.455696202
2017-12-02,295.271,5.6,3.9,240000.0,228233.27536666387,6153846.153846154
2017-12-09,295.271,5.6,3.94,238673.0,228233.27536666387,6057690.355329949
2017-12-16,295.271,5.6,3.93,239900.0,228233.27536666387,6104325.699745547
2017-12-23,295.271,5.6,3.94,239500.0,228233.27536666387,6078680.203045686
2017-12-30,295.271,5.6,3.99,245900.0,228233.27536666387,6162907.268170426
2018-01-06,295.271,5.6,3.95,231000.0,229323.86050929737,5848101.265822785
2018-01-13,295.271,5.6,3.99,234702.0,229323.86050929737,5882255.639097745
2018-01-20,295.271,5.6,4.04,235000.0,229323.86050929737,5816831.683168316
2018-01-27,295.271,5.6,4.15,230465.0,229323.86050929737,5553373.493975903
2018-02-03,295.271,5.6,4.22,234500.0,230991.41345763663,5556872.037914692
2018-02-10,295.271,5.6,4.32,232200.0,230991.41345763663,5375000.0
2018-02-17,295.271,5.6,4.38,237500.0,230991.41345763663,5422374.429223744
2018-02-24,295.271,5.6,4.4,237450.0,230991.41345763663,5396590.909090909
2018-03-03,295.271,5.6,4.43,241000.0,232790.1298373849,5440180.586907449
2018-03-10,295.271,5.6,4.46,237500.0,232790.1298373849,5325112.107623318
2018-03-17,295.271,5.6,4.44,240000.0,232790.1298373849,5405405.405405405
2018-03-24,295.271,5.6,4.45,239900.0,232790.1298373849,5391011.235955057
2018-03-31,295.271,5.6,4.44,250000.0,232790.1298373849,5630630.63063063
2018-04-07,295.271,5.6,4.4,240000.0,234461.9195549617,5454545.454545454
2018-04-14,295.271,5.6,4.42,244500.0,234461.9195549617,5531674.208144796
2018-04-21,295.271,5.6,4.47,244400.0,234461.9195549617,5467561.521252797
2018-04-28,295.271,5.6,4.58,245000.0,234461.9195549617,5349344.9781659385
2018-05-05,295.271,5.6,4.55,245000.0,236001.55369633224,5384615.384615385
2018-05-12,295.271,5.6,4.55,245000.0,236001.55369633224,5384615.384615385
2018-05-19,295.271,5.6,4.61,248000.0,236001.55369633224,5379609.544468546
2018-05-26,295.271,5.6,4.66,248000.0,236001.55369633224,5321888.412017168
2018-06-02,295.271,5.6,4.56,253500.0,237048.51285390285,5559210.52631579
2018-06-09,295.271,5.6,4.54,249900.0,237048.51285390285,5504405.286343613
2018-06-16,295.271,5.6,4.62,254000.0,237048.51285390285,5497835.497835497
2018-06-23,295.271,5.6,4.57,254900.0,237048.51285390285,5577680.525164113
2018-06-30,295.271,5.6,4.55,259000.0,237048.51285390285,5692307.692307692
2018-07-07,295.271,5.6,4.52,249500.0,237662.43031509468,5519911.50442478
2018-07-14,295.271,5.6,4.53,250000.0,237662.43031509468,5518763.7969094915
2018-07-21,295.271,5.6,4.52,250000.0,237662.43031509468,5530973.451327435
2018-07-28,295.271,5.6,4.54,250000.0,237662.43031509468,5506607.929515419
2018-08-04,295.271,5.6,4.6,249900.0,238283.82254094136,5432608.695652175
2018-08-11,295.271,5.6,4.59,247000.0,238283.82254094136,5381263.616557734
2018-08-18,295.271,5.6,4.53,250000.0,238283.82254094136,5518763.7969094915
2018-08-25,295.271,5.6,4.51,248000.0,238283.82254094136,5498891.352549889
2018-09-01,295.271,5.6,4.52,249950.0,238848.30412240885,5529867.256637169
2018-09-08,295.271,5.6,4.54,240000.0,238848.30412240885,5286343.612334802
2018-09-15,295.271,5.6,4.6,244900.0,238848.30412240885,5323913.043478262
2018-09-22,295.271,5.6,4.65,244090.0,238848.30412240885,5249247.311827957
2018-09-29,295.271,5.6,4.72,247400.0,238848.30412240885,5241525.423728813
2018-10-06,295.271,5.6,4.71,239000.0,239385.1048591637,5074309.978768577
2018-10-13,295.271,5.6,4.9,240000.0,239385.1048591637,4897959.183673469
2018-10-20,295.271,5.6,4.85,245000.0,239385.1048591637,5051546.391752577
2018-10-27,295.271,5.6,4.86,243000.0,239385.1048591637,5000000.0
2018-11-03,295.271,5.6,4.83,245000.0,240118.6607750941,5072463.768115941
2018-11-10,295.271,5.6,4.94,242000.0,240118.6607750941,4898785.425101214
2018-11-17,295.271,5.6,4.94,247500.0,240118.6607750941,5010121.457489878
2018-12-01,295.271,5.6,4.81,250000.0,240983.4949838773,5197505.197505198
2018-12-08,295.271,5.6,4.75,244900.0,240983.4949838773,5155789.47368421
2018-12-15,295.271,5.6,4.63,247900.0,240983.4949838773,5354211.663066954
2018-12-22,295.271,5.6,4.62,247000.0,240983.4949838773,5346320.346320346
2018-12-29,295.271,5.6,4.55,250000.0,240983.4949838773,5494505.494505495
2019-01-05,295.271,5.6,4.51,245000.0,241814.3947576175,5432372.505543238
2019-01-12,295.271,5.6,4.45,242000.0,241814.3947576175,5438202.247191011
2019-01-19,295.271,5.6,4.45,241350.0,241814.3947576175,5423595.505617977
2019-01-26,295.271,5.6,4.45,240000.0,241814.3947576175,5393258.426966292
2019-02-02,295.271,5.6,4.46,246000.0,242800.50999954384,5515695.067264574
2019-02-09,295.271,5.6,4.41,235000.0,242800.50999954384,5328798.185941043
2019-02-16,295.271,5.6,4.37,240000.0,242800.50999954384,5491990.846681923
2019-02-23,295.271,5.6,4.35,243713.0,242800.50999954384,5602597.7011494255
2019-03-02,295.271,5.6,4.35,250000.0,243952.74670373093,5747126.436781609
2019-03-09,295.271,5.6,4.41,245000.0,243952.74670373093,5555555.555555555
2019-03-16,295.271,5.6,4.31,248000.0,243952.74670373093,5754060.324825987
2019-03-23,295.271,5.6,4.28,248000.0,243952.74670373093,5794392.523364485
2019-03-30,295.271,5.6,4.06,255000.0,243952.74670373093,6280788.177339902
2019-04-06,295.271,5.6,4.08,249000.0,245112.69866031452,6102941.176470588
2019-04-13,295.271,5.6,4.12,250000.0,245112.69866031452,6067961.165048543
2019-04-20,295.271,5.6,4.17,255000.0,245112.69866031452,6115107.913669065
2019-04-27,295.271,5.6,4.2,252000.0,245112.69866031452,6000000.0
2019-05-04,295.271,5.6,4.14,258000.0,246222.83334095552,6231884.057971016
2019-05-11,295.271,5.6,4.1,255000.0,246222.83334095552,6219512.195121951
2019-05-18,295.271,5.6,4.07,258500.0,246222.83334095552,6351351.351351351
2019-05-25,295.271,5.6,4.06,260000.0,246222.83334095552,6403940.886699508
2019-06-01,295.271,5.6,3.99,267000.0,246903.64821117936,6691729.32330827
2019-06-08,295.271,5.6,3.82,260000.0,246903.64821117936,6806282.72251309
2019-06-15,295.271,5.6,3.82,265000.0,246903.64821117936,6937172.77486911
2019-06-22,295.271,5.6,3.84,265000.0,246903.64821117936,6901041.666666667
2019-06-29,295.271,5.6,3.73,270000.0,246903.64821117936,7238605.898123325
2019-07-13,295.271,5.6,3.75,260000.0,247214.0132690049,6933333.333333333
2019-07-20,295.271,5.6,3.81,264900.0,247214.0132690049,6952755.90551181
2019-07-27,295.271,5.6,3.75,262000.0,247214.0132690049,6986666.666666667
2019-08-03,295.271,5.6,3.75,264200.0,247587.1270504827,7045333.333333333
2019-08-10,295.271,5.6,3.6,259000.0,247587.1270504827,7194444.444444444
2019-08-17,295.271,5.6,3.6,261309.0,247587.1270504827,7258583.333333333
2019-08-24,295.271,5.6,3.55,260000.0,247587.1270504827,7323943.661971831
2019-08-31,295.271,5.6,3.58,264995.0,247587.1270504827,7402094.972067039
2019-09-07,295.271,5.6,3.49,255000.0,248045.60200980768,7306590.257879655
2019-09-14,295.271,5.6,3.56,258855.0,248045.60200980768,7271207.86516854
2019-09-21,295.271,5.6,3.73,258000.0,248045.60200980768,6916890.080428954
2019-09-28,295.271,5.6,3.64,260000.0,248045.60200980768,7142857.142857142
2019-10-05,295.271,5.6,3.65,259580.0,248523.27343981407,7111780.821917809
2019-10-12,295.271,5.6,3.57,258500.0,248523.27343981407,7240896.358543417
2019-10-19,295.271,5.6,3.69,259176.0,248523.27343981407,7023739.837398374
2019-10-26,295.271,5.6,3.75,259000.0,248523.27343981407,6906666.666666667
2019-11-02,295.271,5.6,3.78,262300.0,249024.92070198152,6939153.43915344
2019-11-09,295.271,5.6,3.69,255619.0,249024.92070198152,6927344.173441734
2019-11-16,295.271,5.6,3.75,262000.0,249024.92070198152,6986666.666666667
2019-11-23,295.271,5.6,3.66,264000.0,249024.92070198152,7213114.7540983595
2019-12-07,295.271,5.6,3.68,262000.0,249940.9611716492,7119565.217391304
2019-12-14,295.271,5.6,3.73,265000.0,249940.9611716492,7104557.64075067
2019-12-21,295.271,5.6,3.73,268000.0,249940.9611716492,7184986.595174262
2019-12-28,295.271,5.6,3.74,265000.0,249940.9611716492,7085561.497326203
2020-01-04,295.271,5.6,3.72,262500.0,251097.16306695904,7056451.612903226
2020-01-11,295.271,5.6,3.64,255700.0,251097.16306695904,7024725.274725274
2020-01-18,295.271,5.6,3.65,259900.0,251097.16306695904,7120547.94520548
2020-01-25,295.271,5.6,3.6,252000.0,251097.16306695904,7000000.0
2020-02-01,295.271,5.6,3.51,260000.0,252548.0339730164,7407407.407407408
2020-02-08,295.271,5.6,3.45,255000.0,252548.0339730164,7391304.347826086
2020-02-15,295.271,5.6,3.47,264095.0,252548.0339730164,7610806.916426512
2020-02-22,295.271,5.6,3.49,260000.0,252548.0339730164,7449856.733524355
2020-02-29,295.271,5.6,3.45,269000.0,252548.0339730164,7797101.449275361
2020-03-07,295.271,5.6,3.29,263201.0,254548.87954177483,8000030.395136778
2020-03-14,295.271,5.6,3.36,265455.0,254548.87954177483,7900446.428571429
2020-03-21,295.271,5.6,3.65,269900.0,254548.87954177483,7394520.547945205
2020-03-28,295.271,5.6,3.5,275000.0,254548.87954177483,7857142.857142856
2020-04-04,295.271,5.6,3.33,272970.0,256082.15431655568,8197297.297297297
2020-04-11,295.271,5.6,3.33,271000.0,256082.15431655568,8138138.138138138
2020-04-18,295.271,5.6,3.31,269900.0,256082.15431655568,8154078.549848942
2020-04-25,295.271,5.6,3.33,269000.0,256082.15431655568,8078078.078078078
2020-05-02,295.271,5.6,3.23,269900.0,256484.02654397424,8356037.151702786
2020-05-09,295.271,5.6,3.26,260500.0,256484.02654397424,7990797.54601227
2020-05-16,295.271,5.6,3.28,264000.0,256484.02654397424,8048780.4878048785
2020-05-23,295.271,5.6,3.24,265000.0,256484.02654397424,8179012.345679011
2020-05-30,295.271,5.6,3.15,274900.0,256484.02654397424,8726984.126984127
2020-06-06,295.271,5.6,3.18,267000.0,257556.85714575683,8396226.415094338
2020-06-13,295.271,5.6,3.21,268900.0,257556.85714575683,8376947.040498443
2020-06-20,295.271,5.6,3.13,275000.0,257556.85714575683,8785942.49201278
2020-06-27,295.271,5.6,3.13,279000.0,257556.85714575683,8913738.01916933
2020-07-04,295.271,5.6,3.07,285000.0,259542.82139580583,9283387.622149838
2020-07-11,295.271,5.6,3.03,279000.0,259542.82139580583,9207920.792079208
2020-07-18,295.271,5.6,2.98,285000.0,259542.82139580583,9563758.389261745
2020-07-25,295.271,5.6,3.01,284900.0,259542.82139580583,9465116.279069768
2020-08-01,295.271,5.6,2.99,290000.0,261806.2793348352,9698996.655518394
2020-08-08,295.271,5.6,2.88,283000.0,261806.2793348352,9826388.88888889
2020-08-15,295.271,5.6,2.96,285900.0,261806.2793348352,9658783.783783784
2020-08-22,295.271,5.6,2.99,288000.0,261806.2793348352,9632107.02341137
2020-08-29,295.271,5.6,2.91,290500.0,261806.2793348352,9982817.869415807
2020-09-05,295.271,5.6,2.93,288000.0,264354.3949518218,9829351.535836177
2020-09-12,295.271,5.6,2.86,289900.0,264354.3949518218,10136363.636363637
2020-09-19,295.271,5.6,2.87,292286.0,264354.3949518218,10184181.184668988
2020-09-26,295.271,5.6,2.9,290000.0,264354.3949518218,10000000.0
2020-10-03,295.271,5.6,2.88,292500.0,267300.7676517395,10156250.0
2020-10-10,295.271,5.6,2.87,288000.0,267300.7676517395,10034843.205574913
2020-10-17,295.271,5.6,2.81,293500.0,267300.7676517395,10444839.857651245
2020-10-24,295.271,5.6,2.8,293000.0,267300.7676517395,10464285.714285715
2020-10-31,295.271,5.6,2.81,299000.0,267300.7676517395,10640569.395017793
2020-11-07,295.271,5.6,2.78,290000.0,270261.0253627598,10431654.676258992
2020-11-14,295.271,5.6,2.84,295000.0,270261.0253627598,10387323.943661973
2020-11-21,295.271,5.6,2.72,297000.0,270261.0253627598,10919117.647058822
2020-12-05,295.271,5.6,2.71,295000.0,273018.0735227365,10885608.85608856
2020-12-12,295.271,5.6,2.71,292000.0,273018.0735227365,10774907.749077491
2020-12-19,295.271,5.6,2.67,295000.0,273018.0735227365,11048689.13857678
2020-12-26,295.271,5.6,2.66,295000.0,273018.0735227365,11090225.563909775
2021-01-02,295.271,5.6,2.67,290000.0,276717.47323882766,10861423.220973784
2021-01-09,295.271,5.6,2.65,286500.0,276717.47323882766,10811320.754716981
2021-01-16,295.271,5.6,2.79,290000.0,276717.47323882766,10394265.232974911
2021-01-23,295.271,5.6,2.77,285000.0,276717.47323882766,10288808.664259927
2021-01-30,295.271,5.6,2.73,289000.0,276717.47323882766,10586080.586080587
2021-02-06,295.271,5.6,2.73,285000.0,280537.96893513924,10439560.43956044
2021-02-13,295.271,5.6,2.73,289900.0,280537.96893513924,10619047.61904762
2021-02-20,295.271,5.6,2.81,300000.0,280537.96893513924,10676156.583629893
2021-02-27,295.271,5.6,2.97,300000.0,280537.96893513924,10101010.1010101
2021-03-06,295.271,5.6,3.02,300000.0,284857.48387976986,9933774.834437087
2021-03-13,295.271,5.6,3.05,300000.0,284857.48387976986,9836065.573770491
2021-03-20,295.271,5.6,3.09,305000.0,284857.48387976986,9870550.161812298
2021-03-27,295.271,5.6,3.17,308000.0,284857.48387976986,9716088.32807571
2021-04-03,295.271,5.6,3.18,319997.0,289760.8774656654,10062798.742138365
2021-04-10,295.271,5.6,3.13,310000.0,289760.8774656654,9904153.354632588
2021-04-17,295.271,5.6,3.04,315000.0,289760.8774656654,10361842.105263157
2021-04-24,295.271,5.6,2.97,315000.0,289760.8774656654,10606060.606060605
2021-05-01,295.271,5.6,2.98,320000.0,296300.0584156483,10738255.033557046
2021-05-08,295.271,5.6,2.96,317000.0,296300.0584156483,10709459.45945946
2021-05-15,295.271,5.6,2.94,322000.0,296300.0584156483,10952380.952380953
2021-05-22,295.271,5.6,3.0,325000.0,296300.0584156483,10833333.333333332
2021-05-29,295.271,5.6,2.95,325000.0,296300.0584156483,11016949.152542373
2021-06-05,295.271,5.6,2.99,325000.0,302674.29453889537,10869565.217391305
2021-06-12,295.271,5.6,2.96,325000.0,302674.29453889537,10979729.729729729
2021-06-19,295.271,5.6,2.93,330000.0,302674.29453889537,11262798.634812286
2021-06-26,295.271,5.6,3.02,329875.0,302674.29453889537,10923013.245033111
2021-07-03,295.271,5.6,2.98,335000.0,307751.78037229244,11241610.738255033
2021-07-10,295.271,5.6,2.9,330000.0,307751.78037229244,11379310.344827587
2021-07-17,295.271,5.6,2.88,331000.0,307751.78037229244,11493055.555555556
2021-07-24,295.271,5.6,2.78,330000.0,307751.78037229244,11870503.597122302
2021-07-31,295.271,5.6,2.8,331000.0,307751.78037229244,11821428.571428573
2021-08-07,295.271,5.6,2.77,327500.0,311887.86389911553,11823104.693140794
2021-08-14,295.271,5.6,2.87,329999.0,311887.86389911553,11498222.996515678
2021-08-21,295.271,5.6,2.86,330000.0,311887.86389911553,11538461.53846154
2021-08-28,295.271,5.6,2.87,328000.0,311887.86389911553,11428571.428571427
2021-09-04,295.271,5.6,2.87,330000.0,315278.34010161745,11498257.839721253
2021-09-11,295.271,5.6,2.88,330000.0,315278.34010161745,11458333.333333334
2021-09-18,295.271,5.6,2.86,330000.0,315278.34010161745,11538461.53846154
2021-09-25,295.271,5.6,2.88,325000.0,315278.34010161745,11284722.222222224
2021-10-02,295.271,5.6,3.01,330000.0,318648.55731884827,10963455.149501663
2021-10-09,295.271,5.6,2.99,325900.0,318648.55731884827,10899665.551839465
2021-10-16,295.271,5.6,3.05,330000.0,318648.55731884827,10819672.131147541
2021-10-23,295.271,5.6,3.09,330000.0,318648.55731884827,10679611.650485437
2021-10-30,295.271,5.6,3.14,332500.0,318648.55731884827,10589171.974522293
2021-11-06,295.271,5.6,3.09,327500.0,322227.2760096188,10598705.501618123
2021-11-20,295.271,5.6,3.1,335000.0,322227.2760096188,10806451.612903226
2021-12-04,295.271,5.6,3.11,338000.0,327377.25088747,10868167.202572348
2021-12-11,295.271,5.6,3.1,333280.0,327377.25088747,10750967.741935484
2021-12-18,295.271,5.6,3.12,336000.0,327377.25088747,10769230.769230768
2021-12-25,295.271,5.6,3.05,331500.0,327377.25088747,10868852.459016394
2022-01-01,295.271,5.6,3.11,330000.0,332206.7901401756,10610932.475884244
2022-01-08,295.271,5.6,3.22,329000.0,332206.7901401756,10217391.304347826
2022-01-15,295.271,5.6,3.45,330000.0,332206.7901401756,9565217.391304348
2022-01-22,295.271,5.6,3.56,325000.0,332206.7901401756,9129213.483146068
2022-01-29,295.271,5.6,3.55,325000.0,332206.7901401756,9154929.57746479
2022-02-05,295.271,5.6,3.55,331000.0,338002.7476856817,9323943.661971832
2022-02-12,295.271,5.6,3.69,327000.0,338002.7476856817,8861788.61788618
2022-02-19,295.271,5.6,3.92,342000.0,338002.7476856817,8724489.795918368
2022-02-26,295.271,5.6,3.89,345000.0,338002.7476856817,8868894.601542417
2022-03-05,295.271,5.6,3.76,350000.0,344042.4331112295,9308510.638297873
2022-03-12,295.271,5.6,3.85,350000.0,344042.4331112295,9090909.090909092
2022-03-19,295.271,5.6,4.16,350000.0,344042.4331112295,8413461.538461538
2022-03-26,295.271,5.6,4.42,355000.0,344042.4331112295,8031674.208144797
2022-04-02,295.271,5.6,4.67,360000.0,350515.8417890226,7708779.443254818
2022-04-09,295.271,5.6,4.72,365000.0,350515.8417890226,7733050.847457627
2022-04-16,295.271,5.6,5.0,369000.0,350515.8417890226,7380000.0
2022-04-23,295.271,5.6,5.11,365000.0,350515.8417890226,7142857.142857142
2022-04-30,295.271,5.6,5.1,370000.0,350515.8417890226,7254901.960784315
2022-05-07,295.271,5.6,5.27,369900.0,354717.7229044064,7018975.332068311
2022-05-14,295.271,5.6,5.3,370000.0,354717.7229044064,6981132.075471699
2022-05-21,295.271,5.6,5.25,370000.0,354717.7229044064,7047619.047619048
2022-05-28,295.271,5.6,5.1,375000.0,354717.7229044064,7352941.176470589
2022-06-04,295.271,5.6,5.09,375000.0,357473.3273968676,7367387.033398822
2022-06-11,295.271,5.6,5.23,370000.0,357473.3273968676,7074569.789674953
2022-06-18,295.271,5.6,5.78,375000.0,357473.3273968676,6487889.273356401
2022-06-25,295.271,5.6,5.81,370000.0,357473.3273968676,6368330.464716008
2022-07-02,295.271,5.6,5.7,370000.0,357107.27163607336,6491228.070175438
2022-07-09,295.271,5.6,5.3,362500.0,357107.27163607336,6839622.641509434
